name	cluster
H_Pin1_Y23L	6
H_Pin1_Y24A	6
H_Pin1_Y24F	6
H_Pin1_Y24L	6
H_Pin1_Y24W	6
h_YAP65	39
jager_pin1_10	6
jager_pin1_11	6
jager_pin1_12	6
jager_pin1_2	6
jager_pin1_3	6
jager_pin1_4	6
jager_pin1_5	6
jager_pin1_6	6
jager_pin1_7	6
jager_pin1_8	6
jager_pin1_9	6
jager_ww_11	74
manu_fbp11_1	31
jager_ww_3	6
jager_ww_4	6
jager_ww_5	6
jager_ww_6	6
jager_ww_7	6
jager_ww_8	6
jager_ww_9	6
jager_ww_10	71
Jo_GalWW2	22
jordan_cntrl	20
jordan_g2_pHSW	23
jordan_g4_pHSW	27
Jo_SO1E15R	25
Kelly_hyap_A20R	39
Kelly_hyap_a20r_d34t	39
Kelly_hyap_a20r_l30y	39
Kelly_hyap_a20r_l30y_d34t	39
Kelly_hyap_D34T	39
Kelly_hyap_L30Y	39
Kelly_hyap_wt	39
manu_fbp11_2	33
manu_nedd4_3	35
manu_nedd4_4	37
ms_C13	76
ms_C14	44
ms_CC11	46
ms_CC18	50
ms_CC20	52
ms_CC22	55
ms_CC24	58
ms_CC39	60
ms_CC43	62
ms_CC44	63
ms_CC45	64
ms_CC8	67
ms_N1	68
ms_N11	70
ms_N12	72
ms_N13	75
ms_N15	2
ms_N16	4
ms_N2	7
ms_N20	10
ms_N21	13
ms_N22	15
ms_N24	18
ms_N25	21
ms_N28	24
ms_N29	28
ms_N31	30
ms_N33	32
ms_N34	34
ms_N37	36
ms_N39	38
ms_N41	41
ms_N44	77
ms_N47	45
ms_N48	47
ms_N6	51
ms_N7	53
ms_N8	56
nguyen_fbd_w30a	59
nguyen_fbd_w30f	59
nguyen_fbd_y11r	59
nguyen_fbd_y19l	59
prototype	65
Andrea_tripzip3	42
Andrea_tripzip4	57
Andrea_tripzip5	48
Andrea_tripzip6	57
jordan_p1_pHSW	29
Du_tripzip3	54
FBP28_W30A_ww	59
FBP28_Y19A_ww	59
FBP28_Y21A_ww	59
FBP28_ww	59
Flo_Slam2	66
Flo_WWcalm3.1	69
Flo_WWcalm3.2	69
Flo_WWcalm3.3	69
Flo_WWcalm3.4	69
Flo_WWcalm4	0
Flo_calmcage	3
Flo_calmzip1	5
Flo_calmzip2	8
Flo_calmzip3	11
Flo_so1	25
Flo_wwfan	16
Flo_wwturn	19
H_Pin1_A31G	6
H_Pin1_E12A	6
H_Pin1_E35A	6
H_Pin1_F25A	6
H_Pin1_F25L	6
H_Pin1_F25Y	6
H_Pin1_G10A	6
H_Pin1_G20A	6
H_Pin1_H27A	6
H_Pin1_H27G	6
H_Pin1_I28A	6
H_Pin1_I28G	6
H_Pin1_K13A	6
H_Pin1_K6A	6
H_Pin1_L7A	6
H_Pin1_L7I	6
H_Pin1_L7V	6
H_Pin1_M15A	6
H_Pin1_N26A	6
H_Pin1_N26D	6
H_Pin1_N26L	6
H_Pin1_N30A	6
H_Pin1_N30G	6
H_Pin1_P37A	6
H_Pin1_P37I	6
H_Pin1_P8A	6
H_Pin1_P8G	6
H_Pin1_P9A	6
H_Pin1_P9G	6
H_Pin1_Q33A	6
H_Pin1_R14A	6
H_Pin1_R17A	6
H_Pin1_R17G	6
H_Pin1_R21A	6
H_Pin1_R21G	6
H_Pin1_R36A	6
H_Pin1_S16A	6
H_Pin1_S16G	6
H_Pin1_S18A	6
H_Pin1_S18G	6
H_Pin1_S19A	6
H_Pin1_S19G	6
H_Pin1_S32A	6
H_Pin1_S32G	6
H_Pin1_S38A	6
H_Pin1_S38G	6
H_Pin1_T29A	6
H_Pin1_T29D	6
H_Pin1_T29G	6
H_Pin1_T29S	6
H_Pin1_V22A	6
H_Pin1_W11A	6
H_Pin1_W11F	6
H_Pin1_W11L	6
H_Pin1_W34A	6
H_Pin1_W34F	6
H_Pin1_Y23F	6
H_Pin1_wt	6
cl_WW_BS2_1	43
cl_WW_BS2_4	43
cl_WW_BS3_1	49
cl_WW_BS3_2	49
cl_WW_BS3_3	49
cl_WW_BS3_6	49
cl_WW_BS3_7	49
cl_WW_BS_1	61
cl_WW_BS_2	61
cl_WW_BS_3	61
cl_WW_BS_4	61
cl_WW_BS_5	61
cl_WW_BS_6	61
cl_WW_BS_7	61
cl_WW_CS	73
cl_WW_CT_1	1
cl_WW_HS_1	9
cl_WW_HS_2	9
cl_WW_HS_CA	9
cl_WW_HS_I	12
cl_WW_HS_IV	14
cl_WW_HS_atp	17
cl_WW_HS_pc	9
cl_WW_LP1_1	26
cl_WW_LP1_2	26
cl_WW_LP1_3	26
cl_WW_LP1_4	26
cl_WW_LP1_5	43
cl_WW_LP1_6	43
cl_WW_LP1_7	43
cl_WW_LP2_1	43
cl_WW_LP2_7	43
jager_pin1_1	6
