Flo_WWcalm4	Flo_WWcalm4
cl_WW_CT_1	cl_WW_CT_1
ms_N15	ms_N15
Flo_calmcage	Flo_calmcage
ms_N16	ms_N16
Flo_calmzip1	Flo_calmzip1
jager_ww_5	jager_ww_5
jager_ww_5	jager_ww_3
jager_ww_5	jager_ww_4
jager_ww_5	jager_ww_6
jager_ww_5	jager_pin1_1
jager_ww_5	H_Pin1_H27G
jager_ww_5	H_Pin1_S19G
jager_ww_5	H_Pin1_I28A
jager_ww_5	H_Pin1_S32A
jager_ww_5	H_Pin1_I28G
jager_ww_5	H_Pin1_S32G
jager_ww_5	jager_pin1_10
jager_ww_5	H_Pin1_K13A
jager_ww_5	H_Pin1_S38A
jager_ww_5	jager_pin1_11
jager_ww_5	H_Pin1_K6A
jager_ww_5	H_Pin1_S38G
jager_ww_5	jager_pin1_12
jager_ww_5	H_Pin1_L7A
jager_ww_5	H_Pin1_T29A
jager_ww_5	jager_pin1_2
jager_ww_5	H_Pin1_L7I
jager_ww_5	H_Pin1_T29D
jager_ww_5	jager_pin1_3
jager_ww_5	H_Pin1_L7V
jager_ww_5	H_Pin1_T29G
jager_ww_5	jager_pin1_4
jager_ww_5	H_Pin1_M15A
jager_ww_5	H_Pin1_T29S
jager_ww_5	jager_pin1_5
jager_ww_5	H_Pin1_N26A
jager_ww_5	H_Pin1_V22A
jager_ww_5	jager_pin1_6
jager_ww_5	H_Pin1_N26D
jager_ww_5	H_Pin1_W11A
jager_ww_5	jager_pin1_7
jager_ww_5	H_Pin1_N26L
jager_ww_5	H_Pin1_W11F
jager_ww_5	jager_pin1_8
jager_ww_5	H_Pin1_N30A
jager_ww_5	H_Pin1_W11L
jager_ww_5	H_Pin1_N30G
jager_ww_5	H_Pin1_W34A
jager_ww_5	H_Pin1_P37A
jager_ww_5	H_Pin1_W34F
jager_ww_5	H_Pin1_P37I
jager_ww_5	H_Pin1_Y23A
jager_ww_5	H_Pin1_P8A
jager_ww_5	H_Pin1_Y23F
jager_ww_5	H_Pin1_P8G
jager_ww_5	H_Pin1_Y23L
jager_ww_5	H_Pin1_P9A
jager_ww_5	H_Pin1_Y24A
jager_ww_5	H_Pin1_P9G
jager_ww_5	H_Pin1_Y24F
jager_ww_5	H_Pin1_Q33A
jager_ww_5	H_Pin1_Y24L
jager_ww_5	H_Pin1_R14A
jager_ww_5	H_Pin1_Y24W
jager_ww_5	H_Pin1_R17A
jager_ww_5	H_Pin1_wt
jager_ww_5	H_Pin1_A31G
jager_ww_5	H_Pin1_R17G
jager_ww_5	H_Pin1_E12A
jager_ww_5	H_Pin1_R21A
jager_ww_5	H_Pin1_E35A
jager_ww_5	H_Pin1_R21G
jager_ww_5	H_Pin1_F25A
jager_ww_5	H_Pin1_R36A
jager_ww_5	H_Pin1_F25L
jager_ww_5	H_Pin1_S16A
jager_ww_5	H_Pin1_F25Y
jager_ww_5	H_Pin1_S16G
jager_ww_5	H_Pin1_G10A
jager_ww_5	H_Pin1_S18A
jager_ww_5	H_Pin1_G20A
jager_ww_5	H_Pin1_S18G
jager_ww_5	H_Pin1_H27A
jager_ww_5	H_Pin1_S19A
jager_ww_5	jager_pin1_9
jager_ww_5	jager_ww_7
jager_ww_5	jager_ww_8
jager_ww_5	jager_ww_9
ms_N2	ms_N2
Flo_calmzip2	Flo_calmzip2
cl_WW_HS_CA	cl_WW_HS_CA
cl_WW_HS_CA	cl_WW_HS_1
cl_WW_HS_CA	cl_WW_HS_2
cl_WW_HS_CA	cl_WW_HS_pc
ms_N20	ms_N20
Flo_calmzip3	Flo_calmzip3
cl_WW_HS_I	cl_WW_HS_I
ms_N21	ms_N21
cl_WW_HS_IV	cl_WW_HS_IV
ms_N22	ms_N22
Flo_wwfan	Flo_wwfan
cl_WW_HS_atp	cl_WW_HS_atp
ms_N24	ms_N24
Flo_wwturn	Flo_wwturn
jordan_cntrl	jordan_cntrl
ms_N25	ms_N25
Jo_GalWW2	Jo_GalWW2
jordan_g2_pHSW	jordan_g2_pHSW
ms_N28	ms_N28
Jo_SO1E15R	Jo_SO1E15R
Jo_SO1E15R	Flo_so1
cl_WW_LP1_2	cl_WW_LP1_2
cl_WW_LP1_2	cl_WW_LP1_1
cl_WW_LP1_2	cl_WW_LP1_3
cl_WW_LP1_2	cl_WW_LP1_4
jordan_g4_pHSW	jordan_g4_pHSW
ms_N29	ms_N29
jordan_p1_pHSW	jordan_p1_pHSW
ms_N31	ms_N31
manu_fbp11_1	manu_fbp11_1
ms_N33	ms_N33
manu_fbp11_2	manu_fbp11_2
ms_N34	ms_N34
manu_nedd4_3	manu_nedd4_3
ms_N37	ms_N37
manu_nedd4_4	manu_nedd4_4
ms_N39	ms_N39
Kelly_hyap_a20r_l30y_d34t	Kelly_hyap_a20r_l30y_d34t
Kelly_hyap_a20r_l30y_d34t	Kelly_hyap_a20r_d34t
Kelly_hyap_a20r_l30y_d34t	Kelly_hyap_a20r_l30y
Kelly_hyap_a20r_l30y_d34t	h_YAP65
Kelly_hyap_a20r_l30y_d34t	Kelly_hyap_A20R
Kelly_hyap_a20r_l30y_d34t	Kelly_hyap_D34T
Kelly_hyap_a20r_l30y_d34t	Kelly_hyap_L30Y
Kelly_hyap_a20r_l30y_d34t	Kelly_hyap_wt
manu_yap65_l30k	manu_yap65_l30k
ms_N41	ms_N41
Andrea_tripzip3	Andrea_tripzip3
cl_WW_BS2_1	cl_WW_BS2_1
cl_WW_BS2_1	cl_WW_BS2_4
cl_WW_BS2_1	cl_WW_LP1_5
cl_WW_BS2_1	cl_WW_LP1_6
cl_WW_BS2_1	cl_WW_LP1_7
cl_WW_BS2_1	cl_WW_LP2_1
cl_WW_BS2_1	cl_WW_LP2_7
ms_C14	ms_C14
ms_N47	ms_N47
ms_CC11	ms_CC11
ms_N48	ms_N48
Andrea_tripzip5	Andrea_tripzip5
cl_WW_BS3_1	cl_WW_BS3_1
cl_WW_BS3_1	cl_WW_BS3_2
cl_WW_BS3_1	cl_WW_BS3_3
cl_WW_BS3_1	cl_WW_BS3_6
cl_WW_BS3_1	cl_WW_BS3_7
ms_CC18	ms_CC18
ms_N6	ms_N6
ms_CC20	ms_CC20
ms_N7	ms_N7
Du_tripzip3	Du_tripzip3
ms_CC22	ms_CC22
ms_N8	ms_N8
Du_tripzip4	Du_tripzip4
Du_tripzip4	Andrea_tripzip4
Du_tripzip4	Andrea_tripzip6
ms_CC24	ms_CC24
nguyen_fbd_w30a	nguyen_fbd_w30a
nguyen_fbd_w30a	FBP28_W30A_ww
nguyen_fbd_w30a	nguyen_fbd_w30f
nguyen_fbd_w30a	FBP28_Y19A_ww
nguyen_fbd_w30a	nguyen_fbd_y11r
nguyen_fbd_w30a	FBP28_Y21A_ww
nguyen_fbd_w30a	nguyen_fbd_y19l
nguyen_fbd_w30a	FBP28_ww
ms_CC39	ms_CC39
cl_WW_BS_1	cl_WW_BS_1
cl_WW_BS_1	cl_WW_BS_2
cl_WW_BS_1	cl_WW_BS_3
cl_WW_BS_1	cl_WW_BS_4
cl_WW_BS_1	cl_WW_BS_5
cl_WW_BS_1	cl_WW_BS_6
cl_WW_BS_1	cl_WW_BS_7
ms_CC43	ms_CC43
ms_CC44	ms_CC44
ms_CC45	ms_CC45
prototype	prototype
Flo_Slam2	Flo_Slam2
ms_CC8	ms_CC8
ms_N1	ms_N1
Flo_WWcalm3.2	Flo_WWcalm3.2
Flo_WWcalm3.2	Flo_WWcalm3.1
Flo_WWcalm3.2	Flo_WWcalm3.3
Flo_WWcalm3.2	Flo_WWcalm3.4
ms_N11	ms_N11
jager_ww_10	jager_ww_10
ms_N12	ms_N12
cl_WW_CS	cl_WW_CS
jager_ww_11	jager_ww_11
ms_N13	ms_N13
ms_C13	ms_C13
ms_N44	ms_N44
